{"D:\\wgmn\\rsort\\abc\\0.png": {"name": "D:\\wgmn\\rsort\\abc\\0.png", "ends": [[0.5684156378600823, 0.5144032921810701], [0.6365740740740741, 0.22805212620027437]], "bands": [0.09009009009009009, 0.3614864864864865, 0.6430180180180181, 0.9527027027027027], "colors": [[38, 7, 173], [45, 11, 170], [57, 16, 195], [106, 96, 160]], "labels": ["red", "red", "orange", "gold"], "reversed": 0, "value": 22000}, "D:\\wgmn\\rsort\\abc\\1.png": {"name": "D:\\wgmn\\rsort\\abc\\1.png", "ends": [[0.5182613168724279, 0.3446502057613169], [0.6584362139917695, 0.10288065843621401]], "bands": [0.10903083700440529, 0.3623348017621145, 0.6233480176211453, 0.9570484581497798], "colors": [[47, 16, 173], [48, 14, 167], [73, 35, 191], [97, 85, 147]], "labels": ["red", "red", "orange", "gold"], "reversed": 0, "value": 22000}, "D:\\wgmn\\rsort\\abc\\10.png": {"name": "D:\\wgmn\\rsort\\abc\\10.png", "ends": [[0.6455761316872428, 0.5109739368998629], [0.6944444444444444, 0.1954732510288066]], "bands": [0.11316872427983539, 0.3343621399176955, 0.5720164609053497, 0.8497942386831275], "colors": [[62, 76, 48], [96, 53, 24], [61, 17, 170], [126, 112, 179]], "labels": ["green", "blue", "red", "gold"], "reversed": 0, "value": 5600}, "D:\\wgmn\\rsort\\abc\\11.png": {"name": "D:\\wgmn\\rsort\\abc\\11.png", "ends": [[0.5015432098765432, 0.7270233196159123], [0.6198559670781892, 0.44067215363511664]], "bands": [0.1303030303030303, 0.3333333333333333, 0.5595959595959596, 0.8373737373737373], "colors": [[53, 71, 41], [92, 53, 23], [43, 9, 167], [128, 122, 186]], "labels": ["green", "blue", "red", "gold"], "reversed": 0, "value": 5600}, "D:\\wgmn\\rsort\\abc\\12.png": {"name": "D:\\wgmn\\rsort\\abc\\12.png", "ends": [[0.2559156378600823, 0.4801097393689987], [0.3883744855967078, 0.21776406035665297]], "bands": [0.10105263157894737, 0.32, 0.5705263157894737, 0.8336842105263158], "colors": [[56, 74, 43], [100, 58, 28], [53, 16, 173], [137, 129, 187]], "labels": ["green", "blue", "red", "gold"], "reversed": 0, "value": 5600}, "D:\\wgmn\\rsort\\abc\\13.png": {"name": "D:\\wgmn\\rsort\\abc\\13.png", "ends": [[0.4552469135802469, 0.26920438957475995], [0.6597222222222222, 0.11145404663923184]], "bands": [0.11889596602972399, 0.34288747346072185, 0.583864118895966, 0.8609341825902336], "colors": [[65, 76, 50], [101, 60, 37], [63, 21, 171], [134, 119, 185]], "labels": ["green", "blue", "red", "gold"], "reversed": 0, "value": 5600}, "D:\\wgmn\\rsort\\abc\\14.png": {"name": "D:\\wgmn\\rsort\\abc\\14.png", "ends": [[0.3587962962962963, 0.5058299039780522], [0.5838477366255144, 0.38923182441700965]], "bands": [0.1154639175257732, 0.3515463917525773, 0.5587628865979382, 0.8247422680412371], "colors": [[57, 72, 39], [96, 52, 24], [45, 8, 170], [140, 131, 185]], "labels": ["green", "blue", "red", "gold"], "reversed": 0, "value": 5600}, "D:\\wgmn\\rsort\\abc\\15.png": {"name": "D:\\wgmn\\rsort\\abc\\15.png", "ends": [[0.4976851851851852, 0.5761316872427984], [0.5684156378600823, 0.26063100137174217]], "bands": [0.13827655310621242, 0.3717434869739479, 0.5961923847695391, 0.8557114228456913], "colors": [[117, 114, 171], [117, 113, 168], [49, 14, 187], [53, 16, 185]], "labels": ["gold", "gold", "orange", "orange"], "reversed": 1, "value": 3.3000000000000003}, "D:\\wgmn\\rsort\\abc\\16.png": {"name": "D:\\wgmn\\rsort\\abc\\16.png", "ends": [[0.5272633744855967, 0.6635802469135803], [0.6532921810699588, 0.3875171467764061]], "bands": [0.125, 0.3719262295081967, 0.5819672131147541, 0.8596311475409836], "colors": [[114, 111, 176], [116, 112, 178], [50, 17, 189], [54, 20, 187]], "labels": ["gold", "gold", "orange", "orange"], "reversed": 1, "value": 3.3000000000000003}, "D:\\wgmn\\rsort\\abc\\17.png": {"name": "D:\\wgmn\\rsort\\abc\\17.png", "ends": [[0.3176440329218107, 0.5486968449931413], [0.5156893004115226, 0.35836762688614543]], "bands": [0.11764705882352941, 0.3640973630831643, 0.6024340770791075, 0.8529411764705882], "colors": [[121, 117, 173], [119, 117, 172], [53, 17, 188], [45, 9, 188]], "labels": ["gold", "gold", "orange", "orange"], "reversed": 1, "value": 3.3000000000000003}, "D:\\wgmn\\rsort\\abc\\18.png": {"name": "D:\\wgmn\\rsort\\abc\\18.png", "ends": [[0.4411008230452675, 0.32921810699588483], [0.6867283950617283, 0.28463648834019206]], "bands": [0.14940239043824702, 0.3834661354581673, 0.6065737051792829, 0.8804780876494024], "colors": [[119, 111, 172], [126, 120, 178], [59, 14, 190], [59, 19, 191]], "labels": ["gold", "gold", "orange", "orange"], "reversed": 1, "value": 3.3000000000000003}, "D:\\wgmn\\rsort\\abc\\19.png": {"name": "D:\\wgmn\\rsort\\abc\\19.png", "ends": [[0.41666666666666663, 0.5144032921810701], [0.6648662551440329, 0.4989711934156379]], "bands": [0.13817097415506957, 0.35984095427435386, 0.5974155069582505, 0.8508946322067594], "colors": [[117, 112, 165], [121, 118, 170], [49, 11, 189], [53, 17, 189]], "labels": ["gold", "gold", "orange", "orange"], "reversed": 1, "value": 3.3000000000000003}, "D:\\wgmn\\rsort\\abc\\2.png": {"name": "D:\\wgmn\\rsort\\abc\\2.png", "ends": [[0.47710905349794236, 0.5967078189300412], [0.6082818930041152, 0.3360768175582991]], "bands": [0.1148936170212766, 0.36914893617021277, 0.6095744680851064, 0.9085106382978724], "colors": [[37, 6, 176], [35, 5, 173], [45, 10, 194], [125, 116, 177]], "labels": ["red", "red", "orange", "gold"], "reversed": 0, "value": 22000}, "D:\\wgmn\\rsort\\abc\\3.png": {"name": "D:\\wgmn\\rsort\\abc\\3.png", "ends": [[0.48996913580246915, 0.5555555555555556], [0.6905864197530864, 0.40123456790123463]], "bands": [0.09239130434782608, 0.3391304347826087, 0.6152173913043478, 0.9206521739130434], "colors": [[43, 11, 173], [43, 14, 169], [54, 16, 196], [103, 96, 159]], "labels": ["red", "red", "orange", "gold"], "reversed": 0, "value": 22000}, "D:\\wgmn\\rsort\\abc\\4.png": {"name": "D:\\wgmn\\rsort\\abc\\4.png", "ends": [[0.41538065843621397, 0.47839506172839513], [0.6442901234567902, 0.4423868312757202]], "bands": [0.087527352297593, 0.3522975929978118, 0.6181619256017505, 0.9168490153172867], "colors": [[41, 9, 175], [40, 7, 170], [41, 7, 193], [119, 111, 171]], "labels": ["red", "red", "orange", "gold"], "reversed": 0, "value": 22000}, "D:\\wgmn\\rsort\\abc\\5.png": {"name": "D:\\wgmn\\rsort\\abc\\5.png", "ends": [[0.5915637860082305, 0.24862825788751716], [0.5928497942386831, 0.5589849108367627]], "bands": [0.0668103448275862, 0.3135775862068966, 0.5797413793103449, 0.8480603448275862], "colors": [[102, 84, 173], [52, 16, 181], [62, 25, 75], [57, 82, 174]], "labels": ["gold", "red", "purple", "yellow"], "reversed": 1, "value": 4700}, "D:\\wgmn\\rsort\\abc\\6.png": {"name": "D:\\wgmn\\rsort\\abc\\6.png", "ends": [[0.45267489711934156, 0.12002743484224968], [0.5375514403292181, 0.4183813443072703]], "bands": [0.08125, 0.3125, 0.584375, 0.83125], "colors": [[111, 88, 174], [46, 11, 180], [66, 31, 75], [53, 78, 171]], "labels": ["gold", "red", "purple", "yellow"], "reversed": 1, "value": 4700}, "D:\\wgmn\\rsort\\abc\\7.png": {"name": "D:\\wgmn\\rsort\\abc\\7.png", "ends": [[0.44238683127572015, 0.22805212620027437], [0.6108539094650206, 0.45610425240054875]], "bands": [0.07261410788381743, 0.3153526970954357, 0.5726141078838174, 0.8309128630705395], "colors": [[108, 87, 170], [43, 10, 177], [67, 31, 75], [51, 81, 168]], "labels": ["gold", "red", "purple", "yellow"], "reversed": 1, "value": 4700}, "D:\\wgmn\\rsort\\abc\\8.png": {"name": "D:\\wgmn\\rsort\\abc\\8.png", "ends": [[0.5954218106995884, 0.23662551440329221], [0.823045267489712, 0.32235939643347056]], "bands": [0.09830866807610994, 0.35095137420718814, 0.6141649048625792, 0.8985200845665962], "colors": [[107, 83, 171], [67, 31, 185], [90, 47, 95], [94, 97, 183]], "labels": ["gold", "red", "purple", "yellow"], "reversed": 1, "value": 4700}, "D:\\wgmn\\rsort\\abc\\9.png": {"name": "D:\\wgmn\\rsort\\abc\\9.png", "ends": [[0.470679012345679, 0.6515775034293554], [0.7008744855967078, 0.7338820301783265]],