{
  "/home/ek/Desktop/wgmn/rsort/ims/a2.png": {
    "name": "/home/ek/Desktop/wgmn/rsort/ims/a2.png",
    "ends": [
      [
        0.38580246913580246,
        0.9310699588477367
      ],
      [
        0.6327160493827161,
        0.9019204389574761
      ]
    ],
    "bands": [
      0.20816733067729085,
      0.39243027888446214,
      0.5249003984063745,
      0.6284860557768924,
      0.8446215139442231
    ],
    "colors": [
      [
        84,
        64,
        122
      ],
      [
        84,
        68,
        63
      ],
      [
        83,
        69,
        62
      ],
      [
        115,
        117,
        129
      ],
      [
        77,
        71,
        91
      ]
    ],
    "labels": [
      "red",
      "black",
      "black",
      "gold",
      "brown"
    ],
    "reversed": 0,
    "value": 20.0
  },
  "/home/ek/Desktop/wgmn/rsort/ims/4.png": {
    "name": "/home/ek/Desktop/wgmn/rsort/ims/4.png",
    "ends": [
      [
        0.4398148148148148,
        0.3429355281207134
      ],
      [
        0.7343106995884774,
        0.41666666666666674
      ]
    ],
    "bands": [
      0.16430817610062892,
      0.33962264150943394,
      0.4834905660377358,
      0.6438679245283019,
      0.8757861635220126
    ],
    "colors": [
      [
        47,
        39,
        44
      ],
      [
        47,
        38,
        33
      ],
      [
        49,
        41,
        34
      ],
      [
        92,
        49,
        37
      ],
      [
        55,
        115,
        87
      ]
    ],
    "labels": [
      "brown",
      "black",
      "black",
      "purple",
      "yellow"
    ],
    "reversed": 1,
    "value": 470
  },
  "/home/ek/Desktop/wgmn/rsort/ims/b1.png": {
    "name": "/home/ek/Desktop/wgmn/rsort/ims/b1.png",
    "ends": [
      [
        0.6069958847736625,
        0.8213305898491085
      ],
      [
        0.798611111111111,
        0.6207133058984912
      ]
    ],
    "bands": [
      0.20264765784114053,
      0.39307535641547864,
      0.5173116089613035,
      0.6466395112016293,
      0.8492871690427699
    ],
    "colors": [
      [
        75,
        130,
        114
      ],
      [
        119,
        84,
        74
      ],
      [
        87,
        75,
        62
      ],
      [
        116,
        124,
        125
      ],
      [
        74,
        71,
        94
      ]
    ],
    "labels": [
      "yellow",
      "purple",
      "black",
      "gold",
      "brown"
    ],
    "reversed": 0,
    "value": 47.0
  },
  "/home/ek/Desktop/wgmn/rsort/ims/9.png": {
    "name": "/home/ek/Desktop/wgmn/rsort/ims/9.png",
    "ends": [
      [
        0.4256687242798354,
        0.3497942386831276
      ],
      [
        0.6108539094650206,
        0.6670096021947874
      ]
    ],
    "bands": [
      0.2121684867394696,
      0.3861154446177847,
      0.5288611544461779,
      0.672386895475819,
      0.9001560062402496
    ],
    "colors": [
      [
        50,
        44,
        49
      ],
      [
        57,
        49,
        40
      ],
      [
        62,
        53,
        41
      ],
      [
        101,
        57,
        43
      ],
      [
        57,
        124,
        94
      ]
    ],
    "labels": [
      "brown",
      "black",
      "black",
      "purple",
      "yellow"
    ],
    "reversed": 1,
    "value": 470
  },
  "/home/ek/Desktop/wgmn/rsort/ims/c1.png": {
    "name": "/home/ek/Desktop/wgmn/rsort/ims/c1.png",
    "ends": [
      [
        0.5889917695473251,
        0.2074759945130316
      ],
      [
        0.6044238683127572,
        0.5366941015089164
      ]
    ],
    "bands": [
      0.19760479041916168,
      0.39221556886227543,
      0.5239520958083832,
      0.6526946107784432,
      0.8373253493013972
    ],
    "colors": [
      [
        86,
        132,
        111
      ],
      [
        127,
        88,
        70
      ],
      [
        82,
        72,
        57
      ],
      [
        86,
        74,
        60
      ],
      [
        81,
        74,
        81
      ]
    ],
    "labels": [
      "yellow",
      "purple",
      "black",
      "black",
      "brown"
    ],
    "reversed": 0,
    "value": 470
  },
  "/home/ek/Desktop/wgmn/rsort/ims/a0.png": {
    "name": "/home/ek/Desktop/wgmn/rsort/ims/a0.png",
    "ends": [
      [
        0.35493827160493824,
        0.4526748971193416
      ],
      [
        0.4835390946502057,
        0.18175582990397807
      ]
    ],
    "bands": [
      0.18426501035196688,
      0.38095238095238093,
      0.5165631469979296,
      0.6356107660455487,
      0.8509316770186336
    ],
    "colors": [
      [
        79,
        65,
        109
      ],
      [
        79,
        67,
        60
      ],
      [
        79,
        68,
        59
      ],
      [
        101,
        108,
        120
      ],
      [
        82,
        73,
        87
      ]
    ],
    "labels": [
      "red",
      "black",
      "black",
      "gold",
      "brown"
    ],
    "reversed": 0,
    "value": 20.0
  },
  "/home/ek/Desktop/wgmn/rsort/ims/b2.png": {
    "name": "/home/ek/Desktop/wgmn/rsort/ims/b2.png",
    "ends": [
      [
        0.2353395061728395,
        0.24348422496570649
      ],
      [
        0.4256687242798354,
        0.04458161865569273
      ]
    ],
    "bands": [
      0.20267489711934156,
      0.38786008230452673,
      0.5257201646090535,
      0.6512345679012346,
      0.8621399176954733
    ],
    "colors": [
      [
        91,
        121,
        116
      ],
      [
        114,
        81,
        85
      ],
      [
        96,
        78,
        73
      ],
      [
        124,
        116,
        127
      ],
      [
        92,
        76,
        93
      ]
    ],
    "labels": [
      "yellow",
      "purple",
      "black",
      "gold",
      "brown"
    ],
    "reversed": 0,
    "value": 47.0
  },
  "/home/ek/Desktop/wgmn/rsort/ims/2.png": {
    "name": "/home/ek/Desktop/wgmn/rsort/ims/2.png",
    "ends": [
      [
        0.5594135802469136,
        0.18861454046639234
      ],
      [
        0.739454732510288,
        0.45610425240054875
      ]
    ],
    "bands": [
      0.16129032258064516,
      0.35304659498207885,
      0.4946236559139785,
      0.6577060931899642,
      0.8897849462365591
    ],
    "colors": [
      [
        54,
        42,
        52
      ],
      [
        55,
        45,
        39
      ],
      [
        59,
        46,
        38
      ],
      [
        98,
        52,
        36
      ],
      [
        54,
        117,
        90
      ]
    ],
    "labels": [
      "brown",
      "black",
      "black",
      "purple",
      "yellow"
    ],
    "reversed": 1,
    "value": 470
  },
  "/home/ek/Desktop/wgmn/rsort/ims/b0.png": {
    "name": "/home/ek/Desktop/wgmn/rsort/ims/b0.png",
    "ends": [
      [
        0.5825617283950617,
        0.5486968449931413
      ],
      [
        0.7767489711934156,
        0.7390260631001373
      ]
    ],
    "bands": [
      0.22107438016528927,
      0.4018595041322314,
      0.5320247933884298,
      0.6621900826446281,
      0.8677685950413223
    ],
    "colors": [
      [
        66,
        126,
        101
      ],
      [
        113,
        77,
        65
      ],
      [
        78,
        73,
        55
      ],
      [
        103,
        116,
        114
      ],
      [
        75,
        73,
        92
      ]
    ],
    "labels": [
      "yellow",
      "purple",
      "black",
      "gold",
      "brown"
    ],
    "reversed": 0,
    "value": 47.0
  },
  "/home/ek/Desktop/wgmn/rsort/ims/0.png": {
    "name": "/home/ek/Desktop/wgmn/rsort/ims/0.png",
    "ends": [
      [
        0.3587962962962963,
        0.641289437585734
      ],
      [
        0.565843621399177,
        0.41152263374485604
      ]
    ],
    "bands": [
      0.18548387096774194,
      0.40232974910394265,
      0.5689964157706093,
      0.717741935483871,
      0.921146953405018
    ],