{"labels": [{"name": "0.png", "ends": [[0.3626543209876543, 0.641289437585734], [0.5671296296296297, 0.4080932784636489]], "bands": [0.16786355475763015, 0.39317773788150806, 0.5556552962298025, 0.703770197486535, 0.8967684021543986], "colors": [[48, 131, 103], [106, 66, 52], [65, 59, 51], [63, 60, 55], [62, 60, 67]], "labels": ["yellow", "blue", "black", "black", "brown"]}, {"name": "2.png", "ends": [[0.5632716049382716, 0.18861454046639234], [0.7407407407407407, 0.4492455418381345]], "bands": [0.14825046040515655, 0.35451197053406996, 0.4889502762430939, 0.6528545119705341, 0.8821362799263351], "colors": [[58, 44, 54], [57, 46, 42], [63, 49, 42], [102, 55, 39], [55, 122, 94]], "labels": ["brown", "black", "black", "blue", "yellow"]}, {"name": "4.png", "ends": [[0.44238683127572015, 0.3446502057613169], [0.731738683127572, 0.4149519890260632]], "bands": [0.14710610932475884, 0.3319935691318328, 0.4782958199356913, 0.6454983922829582, 0.8834405144694534], "colors": [[47, 38, 45], [46, 39, 34], [48, 40, 35], [92, 50, 38], [56, 115, 87]], "labels": ["brown", "black", "black", "blue", "yellow"]}]}