{
  "/home/ek/Desktop/wgmn/rsort/ims/a2.png": {
    "name": "/home/ek/Desktop/wgmn/rsort/ims/a2.png",
    "ends": [
      [
        0.3870884773662551,
        0.9310699588477367
      ],
      [
        0.6327160493827161,
        0.9053497942386832
      ]
    ],
    "bands": [
      0.20481927710843373,
      0.39156626506024095,
      0.5240963855421686,
      0.6285140562248996,
      0.8383534136546185
    ],
    "colors": [
      [
        84,
        65,
        121
      ],
      [
        82,
        67,
        62
      ],
      [
        82,
        68,
        61
      ],
      [
        113,
        115,
        127
      ],
      [
        77,
        70,
        91
      ]
    ],
    "labels": [
      "red",
      "black",
      "black",
      "gold",
      "brown"
    ],
    "reversed": 0,
    "value": 20.0
  },
  "/home/ek/Desktop/wgmn/rsort/ims/4.png": {
    "name": "/home/ek/Desktop/wgmn/rsort/ims/4.png",
    "ends": [
      [
        0.4411008230452675,
        0.33950617283950624
      ],
      [
        0.7343106995884774,
        0.4183813443072703
      ]
    ],
    "bands": [
      0.15748031496062992,
      0.33700787401574805,
      0.4826771653543307,
      0.6448818897637796,
      0.8732283464566929
    ],
    "colors": [
      [
        48,
        40,
        45
      ],
      [
        49,
        40,
        34
      ],
      [
        50,
        41,
        35
      ],
      [
        93,
        50,
        38
      ],
      [
        55,
        114,
        86
      ]
    ],
    "labels": [
      "brown",
      "black",
      "black",
      "blue",
      "yellow"
    ],
    "reversed": 1,
    "value": 460
  },
  "/home/ek/Desktop/wgmn/rsort/ims/b1.png": {
    "name": "/home/ek/Desktop/wgmn/rsort/ims/b1.png",
    "ends": [
      [
        0.6108539094650206,
        0.8230452674897121
      ],
      [
        0.7973251028806584,
        0.6207133058984912
      ]
    ],
    "bands": [
      0.1956521739130435,
      0.38819875776397517,
      0.5144927536231884,
      0.6438923395445134,
      0.855072463768116
    ],
    "colors": [
      [
        75,
        128,
        113
      ],
      [
        118,
        84,
        74
      ],
      [
        87,
        75,
        62
      ],
      [
        114,
        122,
        125
      ],
      [
        74,
        72,
        94
      ]
    ],
    "labels": [
      "yellow",
      "blue",
      "black",
      "gold",
      "brown"
    ],
    "reversed": 0,
    "value": 46.0
  },
  "/home/ek/Desktop/wgmn/rsort/ims/9.png": {
    "name": "/home/ek/Desktop/wgmn/rsort/ims/9.png",
    "ends": [
      [
        0.42824074074074076,
        0.3497942386831276
      ],
      [
        0.6108539094650206,
        0.6670096021947874
      ]
    ],
    "bands": [
      0.20722135007849293,
      0.38226059654631084,
      0.5243328100470958,
      0.6797488226059655,
      0.9128728414442701
    ],
    "colors": [
      [
        51,
        45,
        50
      ],
      [
        58,
        50,
        41
      ],
      [
        63,
        53,
        41
      ],
      [
        100,
        58,
        45
      ],
      [
        59,
        124,
        92
      ]
    ],
    "labels": [
      "brown",
      "black",
      "black",
      "blue",
      "yellow"
    ],
    "reversed": 1,
    "value": 460
  },
  "/home/ek/Desktop/wgmn/rsort/ims/c1.png": {
    "name": "/home/ek/Desktop/wgmn/rsort/ims/c1.png",
    "ends": [
      [
        0.5877057613168725,
        0.20576131687242802
      ],
      [
        0.6044238683127572,
        0.5384087791495199
      ]
    ],
    "bands": [
      0.20374015748031496,
      0.39468503937007876,
      0.5236220472440944,
      0.655511811023622,
      0.8346456692913385
    ],
    "colors": [
      [
        89,
        133,
        112
      ],
      [
        130,
        91,
        72
      ],
      [
        85,
        75,
        60
      ],
      [
        91,
        78,
        62
      ],
      [
        83,
        75,
        81
      ]
    ],
    "labels": [
      "yellow",
      "purple",
      "black",
      "black",
      "brown"
    ],
    "reversed": 0,
    "value": 470
  },
  "/home/ek/Desktop/wgmn/rsort/ims/a0.png": {
    "name": "/home/ek/Desktop/wgmn/rsort/ims/a0.png",
    "ends": [
      [
        0.35493827160493824,
        0.45610425240054875
      ],
      [
        0.4809670781893004,
        0.18347050754458163
      ]
    ],
    "bands": [
      0.1950207468879668,
      0.3941908713692946,
      0.529045643153527,
      0.6483402489626556,
      0.8661825726141079
    ],
    "colors": [
      [
        79,
        65,
        109
      ],
      [
        78,
        66,
        60
      ],
      [
        79,
        68,
        59
      ],
      [
        100,
        108,
        121
      ],
      [
        84,
        75,
        87
      ]
    ],
    "labels": [
      "red",
      "black",
      "black",
      "gold",
      "brown"
    ],
    "reversed": 0,
    "value": 20.0
  },
  "/home/ek/Desktop/wgmn/rsort/ims/b2.png": {
    "name": "/home/ek/Desktop/wgmn/rsort/ims/b2.png",
    "ends": [
      [
        0.23405349794238683,
        0.24005486968449935
      ],
      [
        0.42695473251028804,
        0.0462962962962963
      ]
    ],
    "bands": [
      0.19855967078189302,
      0.39094650205761317,
      0.5185185185185185,
      0.6450617283950617,
      0.8559670781893004
    ],
    "colors": [
      [
        91,
        122,
        118
      ],
      [
        115,
        81,
        85
      ],
      [
        91,
        74,
        71
      ],
      [
        124,
        116,
        128
      ],
      [
        88,
        72,
        93
      ]
    ],
    "labels": [
      "yellow",
      "purple",
      "black",
      "gold",
      "brown"
    ],
    "reversed": 0,
    "value": 47.0
  },
  "/home/ek/Desktop/wgmn/rsort/ims/2.png": {
    "name": "/home/ek/Desktop/wgmn/rsort/ims/2.png",
    "ends": [
      [
        0.5619855967078189,
        0.18861454046639234
      ],
      [
        0.7420267489711934,
        0.4578189300411523
      ]
    ],
    "bands": [
      0.15714285714285714,
      0.33839285714285716,
      0.48482142857142857,
      0.6401785714285714,
      0.8758928571428571
    ],
    "colors": [
      [
        55,
        43,
        53
      ],
      [
        56,
        46,
        41
      ],
      [
        60,
        47,
        40
      ],
      [
        100,
        52,
        36
      ],
      [
        54,
        119,
        91
      ]
    ],
    "labels": [
      "brown",
      "black",
      "black",
      "blue",
      "yellow"
    ],
    "reversed": 1,
    "value": 460
  },
  "/home/ek/Desktop/wgmn/rsort/ims/b0.png": {
    "name": "/home/ek/Desktop/wgmn/rsort/ims/b0.png",
    "ends": [
      [
        0.5799897119341564,
        0.5538408779149521
      ],
      [
        0.7754629629629629,
        0.7424554183813444
      ]
    ],
    "bands": [
      0.22164948453608246,
      0.40515463917525774,
      0.5257731958762887,
      0.6525773195876289,
      0.8711340206185567
    ],
    "colors": [
      [
        71,
        127,
        101
      ],
      [
        116,
        79,
        65
      ],
      [
        80,
        72,
        53
      ],
      [
        105,
        117,
        115
      ],
      [
        74,
        73,
        92
      ]
    ],
    "labels": [
      "yellow",
      "blue",
      "black",
      "gold",
      "brown"
    ],
    "reversed": 0,
    "value": 46.0
  },
  "/home/ek/Desktop/wgmn/rsort/ims/0.png": {
    "name": "/home/ek/Desktop/wgmn/rsort/ims/0.png",
    "ends": [
      [
        0.3575102880658436,
        0.641289437585734
      ],
      [
        0.565843621399177,
        0.40980795610425247
      ]
    ],
    "bands": [
      0.1797153024911032,
      0.4083629893238434,
      0.5676156583629893,
      0.7161921708185054,
      0.9145907473309609
    ],