{"/home/ek/Desktop/wgmn/rsort/ims3/50.png": {"name": "/home/ek/Desktop/wgmn/rsort/ims3/50.png", "ends": [[0.49897119341563784, 0.39951989026063106], [0.581275720164609, 0.5692729766803841]], "bands": [0.037549407114624504, 0.3181818181818182, 0.5059288537549407, 0.6956521739130435, 0.9288537549407114], "colors": [[57, 140, 128], [124, 59, 55], [70, 58, 55], [71, 65, 67], [61, 59, 75]], "labels": ["yellow", "purple", "black", "black", "brown"], "reversed": 0, "value": 470}, "/home/ek/Desktop/wgmn/rsort/ims3/7.png": {"name": "/home/ek/Desktop/wgmn/rsort/ims3/7.png", "ends": [[0.4385288065843621, 0.16289437585733885], [0.5606995884773662, 0.31207133058984915]], "bands": [0.15625, 0.4079861111111111, 0.6059027777777778, 0.8940972222222222], "colors": [[82, 109, 148], [68, 56, 139], [64, 51, 137], [105, 70, 61]], "labels": ["gold", "red", "red", "blue"], "reversed": 1, "value": 6200}, "/home/ek/Desktop/wgmn/rsort/ims3/54.png": {"name": "/home/ek/Desktop/wgmn/rsort/ims3/54.png", "ends": [[0.4758230452674897, 0.680727023319616], [0.6057098765432098, 0.5795610425240055]], "bands": [0.04819277108433735, 0.3373493975903614, 0.5441767068273092, 0.7208835341365462, 0.9678714859437751], "colors": [[48, 130, 113], [119, 53, 45], [78, 61, 46], [60, 50, 48], [54, 50, 63]], "labels": ["yellow", "purple", "black", "black", "brown"], "reversed": 0, "value": 470}}